Male_ID,court_white,court_red,type,redYN,yellowYN,chr18_geno,chr1_geno
A19_435,0,1,CC,N,N,NA,NA
A19_442,0,2,TTC,Y,N,NA,NA
A19_455,0,9,MBC,Y,N,NA,NA
A19_458,7,1,CC,N,N,NA,NA
A19_462,0,0,TTC,Y,N,NA,NA
A19_463,1,0,CC,N,N,NA,NA
A19_474,1,11,MBC,Y,N,NA,NA
A19_527,0,2,CC,N,N,NA,NA
A19_546,8,2,CC,N,N,NA,NA
A19_573,0,9,MBC,Y,N,NA,NA
A19_580,1,8,TTC,Y,N,NA,NA
A19_599,0,7,TTC,Y,N,NA,NA
A19_601,4,1,CC,N,N,NA,NA
A19_602,7,1,CC,N,N,NA,NA
A19_608,1,0,CC,N,N,NA,NA
A19_613,8,0,CC,N,Y,NA,NA
A19_615,0,0,TTC,Y,N,NA,NA
A19_623,8,4,CC,N,Y,NA,NA
A19_655,3,0,CC,N,N,NA,NA
A19_657,1,1,TTC,Y,N,NA,NA
A19_658,14,1,CC,N,N,NA,NA
A19_659,0,5,TTC,Y,N,NA,NA
A19_663,0,0,CC,N,N,NA,NA
A19_665,13,12,CC,N,N,NA,NA
A19_682,9,1,CC,N,N,NA,NA
A19_683,0,15,TTC,Y,N,NA,NA
A19_689,22,10,CC,N,N,NA,NA
A19_711,5,4,CC,N,N,NA,NA
A19_713,7,8,CC,N,N,NA,NA
A19_715,0,15,TTC,Y,N,NA,NA
A19_716,0,0,CC,N,Y,NA,NA
A19_717,8,3,CC,N,Y,NA,NA
A19_740,5,4,CC,N,N,NA,NA
A19_743,3,24,TTC,Y,N,NA,NA
A19_753,0,0,CC,N,N,NA,NA
A19_757,6,2,CC,N,Y,NA,NA
A19_766,1,20,TTC,Y,N,NA,NA
A19_775,3,1,CC,N,Y,NA,NA
A19_776,10,15,CC,N,Y,NA,NA
A19_777,12,14,CC,N,Y,NA,NA
A19_778,4,4,CC,N,Y,NA,NA
A19_784,0,9,TTC,Y,N,NA,NA
A19_801,3,13,TTC,Y,N,NA,NA
A19_802,11,0,CC,N,N,NA,NA
A19_805,0,20,TTC,Y,N,NA,NA
A19_815,0,10,TTC,Y,N,NA,NA
A19_816,3,11,MBC,Y,N,NA,NA
A19_817,6,13,MBC,Y,N,NA,NA
A19_818,3,1,CC,N,Y,NA,NA
A19_825,0,7,TTC,Y,N,NA,NA
A19_843,1,7,CCxTTC,Y,N,NA,NA
A19_844,8,0,CC,N,N,NA,NA
A19_855,1,10,CCxTTC,Y,N,NA,NA
A19_860,5,0,CC,N,N,NA,NA
A19_867,0,10,TTC,Y,N,NA,NA
A19_880,5,15,CCxTTC,Y,N,NA,NA
A19_882,3,15,MBC,Y,N,NA,NA
A19_885,3,2,CC,N,Y,NA,NA
A19_886,20,0,CC,N,N,NA,NA
A19_888,5,1,CC,N,Y,NA,NA
A19_901,13,9,CCxTTC,Y,Y,NA,NA
A19_927,8,21,CCxTTC,Y,Y,NA,NA
A19_935,6,6,CCxTTC,Y,N,NA,NA
A19_950,7,17,CCxTTC,Y,Y,NA,NA
A19_951,2,3,CCxTTC,Y,N,NA,NA
A19_952,0,9,CCxTTC,Y,N,NA,NA
A19_971,2,0,CC,N,N,NA,NA
A19_982,1,0,CCxTTC,Y,N,NA,NA
A19_990,2,9,CCxTTC,Y,Y,NA,NA
A19_992,3,7,CCxTTC,Y,Y,NA,NA
A20_093,4,5,CCx(CCxTTC),N,Y,cyd/cyd,cyd/cyd
A20_135,2,4,CCx(CCxTTC),Y,Y,cyd/tri,cyd/tri
A20_183,0,7,CCx(CCxTTC),Y,Y,cyd/tri,cyd/tri
A20_198,0,2,CCx(CCxTTC),N,N,NA,NA
A20_243,3,0,CCx(CCxTTC),N,N,NA,NA
A20_261,0,12,CCxTTC,Y,N,NA,NA
A20_299,1,1,CCx(CCxTTC),N,Y,cyd/cyd,cyd/tri
A20_300,3,14,CCx(CCxTTC),N,Y,cyd/cyd,cyd/cyd
A20_309,0,3,CCxTTC,Y,N,NA,NA
A20_318,3,1,CCx(CCxTTC),Y,Y,cyd/tri,cyd/tri
A20_342,3,3,CCxTTC,Y,N,NA,NA
A20_353,2,0,CCx(CCxTTC),N,Y,cyd/cyd,cyd/cyd
A20_355,2,8,CCxTTC,Y,N,NA,NA
A20_362,0,2,CCx(CCxTTC),Y,N,NA,NA
A20_390,0,2,CCx(CCxTTC),Y,N,cyd/tri,cyd/tri
A20_394,0,0,CCx(CCxTTC),Y,N,NA,NA
A20_401,0,0,CCx(CCxTTC),Y,N,NA,NA
A20_412,5,0,CCx(CCxTTC),N,N,NA,NA
A20_431,1,6,CCxTTC,Y,N,NA,NA
A20_442,0,3,CCx(CCxTTC),N,N,cyd/cyd,cyd/tri
A20_443,0,5,CCx(CCxTTC),N,N,NA,NA
A20_444,2,4,CCx(CCxTTC),N,Y,cyd/cyd,cyd/cyd
A20_446,2,3,CCxTTC,Y,N,NA,NA
A20_447,7,5,CCxTTC,Y,N,NA,NA
A20_459,4,0,CCx(CCxTTC),N,N,cyd/cyd,cyd/tri
A20_461,4,0,CCx(CCxTTC),N,N,cyd/cyd,cyd/tri
A20_486,0,0,CCx(CCxTTC),N,N,NA,NA
A20_497,2,0,CCx(CCxTTC),N,N,cyd/cyd,cyd/cyd
A20_498,0,1,CCx(CCxTTC),N,N,cyd/cyd,cyd/tri
A20_508,0,7,CCx(CCxTTC),Y,N,cyd/tri,cyd/tri
A20_509,0,4,CCx(CCxTTC),N,Y,cyd/cyd,cyd/tri
A20_533,0,2,CCx(CCxTTC),Y,N,NA,NA
A20_552,2,3,CCx(CCxTTC),Y,N,cyd/tri,cyd/cyd
A20_553,5,3,CCx(CCxTTC),N,N,cyd/cyd,cyd/tri
A20_558,3,6,CCx(CCxTTC),Y,Y,cyd/tri,cyd/cyd
A20_583,0,5,CCx(CCxTTC),Y,N,cyd/tri,cyd/tri
A20_586,1,3,CCxTTC,Y,N,NA,NA
A20_602,0,0,CCx(CCxTTC),N,Y,NA,NA
A20_603,0,2,CCx(CCxTTC),Y,Y,cyd/tri,cyd/tri
A20_613,8,8,CCxTTC,Y,N,NA,NA
A20_648,0,3,CCxTTC,Y,N,NA,NA
A20_656,0,2,CCx(CCxTTC),Y,N,cyd/tri,cyd/cyd
A20_667,0,0,CCx(CCxTTC),N,N,NA,NA
A20_676,0,3,CCx(CCxTTC),Y,N,cyd/tri,cyd/cyd
A20_686,3,1,CCx(CCxTTC),N,N,NA,NA
A20_688,0,5,CCx(CCxTTC),Y,N,cyd/tri,cyd/tri
A20_703,0,0,CCx(CCxTTC),N,N,NA,NA
A20_705,1,1,CCx(CCxTTC),N,Y,cyd/cyd,cyd/cyd
A20_706,0,0,CCx(CCxTTC),N,N,NA,NA
A20_709,0,0,CCxTTC,Y,N,NA,NA
A20_710,1,5,CCxTTC,Y,N,NA,NA
A20_725,8,1,CCxTTC,Y,N,NA,NA
A20_726,1,4,CCxTTC,Y,N,NA,NA
A20_727,3,5,CCx(CCxTTC),Y,Y,cyd/tri,cyd/cyd
A20_728,0,0,CCx(CCxTTC),Y,N,NA,NA
A20_745,0,0,CCx(CCxTTC),N,N,NA,NA
A20_747,5,0,CCx(CCxTTC),N,Y,cyd/cyd,cyd/cyd
A20_753,0,0,CCx(CCxTTC),N,N,NA,NA
A20_770,0,0,CCx(CCxTTC),N,N,NA,NA
A20_772,0,1,CCx(CCxTTC),N,N,cyd/tri,cyd/tri
A20_773,4,1,CCx(CCxTTC),Y,N,cyd/cyd,cyd/cyd
A20_781,0,4,CCx(CCxTTC),Y,N,cyd/tri,cyd/tri
A20_782,2,1,CCx(CCxTTC),Y,N,cyd/tri,cyd/cyd
A20_783,0,0,CCx(CCxTTC),Y,Y,NA,NA
A20_802,5,7,CCx(CCxTTC),Y,Y,cyd/tri,cyd/tri
A20_806,4,0,CCx(CCxTTC),N,N,cyd/cyd,cyd/cyd
A20_807,0,0,CCx(CCxTTC),N,N,NA,NA
A20_809,1,0,CCx(CCxTTC),Y,N,cyd/tri,cyd/tri
A20_810,5,2,CCx(CCxTTC),Y,N,cyd/tri,cyd/tri
A20_842,1,0,CCx(CCxTTC),Y,N,cyd/tri,cyd/cyd
A20_844,2,3,CCx(CCxTTC),Y,N,cyd/tri,cyd/tri
A20_845,0,0,CCx(CCxTTC),N,N,NA,NA
A20_846,7,1,CCx(CCxTTC),N,N,cyd/cyd,cyd/cyd
A20_851,3,2,CCx(CCxTTC),Y,Y,cyd/tri,cyd/cyd
A20_852,0,2,CCx(CCxTTC),Y,Y,cyd/tri,cyd/tri
A20_883,15,3,CCx(CCxTTC),Y,N,cyd/cyd,cyd/cyd
A20_895,0,1,CCx(CCxTTC),N,N,cyd/cyd,cyd/tri
A20_946,0,0,CCx(CCxTTC),Y,N,NA,NA
A20_971,0,0,CCx(CCxTTC),N,N,NA,NA
A20_982,2,0,CCx(CCxTTC),Y,N,cyd/tri,cyd/cyd
A20_988,1,2,CCx(CCxTTC),N,N,cyd/cyd,cyd/tri
B19_013,3,7,CCxTTC,Y,Y,NA,NA
B19_015,2,8,CCxTTC,Y,N,NA,NA
B19_025,7,2,CCx(CCxTTC),N,N,cyd/cyd,NA
B19_034,1,3,CCxTTC,Y,Y,NA,NA
B19_047,5,0,CC,N,Y,NA,NA
B19_058,7,7,CC,N,Y,NA,NA
B19_060,4,13,TTC,Y,N,NA,NA
B19_061,0,15,TTC,Y,N,NA,NA
B19_062,0,11,TTC,Y,N,NA,NA
B19_066,15,0,CC,N,N,NA,NA
B19_067,1,9,TTC,Y,N,NA,NA
B19_071,2,13,TTC,Y,N,NA,NA
B19_072,0,7,TTC,Y,N,NA,NA
B19_078,1,16,TTC,Y,N,NA,NA
B19_085,7,8,CCx(CCxTTC),N,N,cyd/cyd,cyd/tri
B19_087,5,34,MBC,Y,N,NA,NA
B19_088,0,0,MBC,Y,N,NA,NA
B19_098,1,18,TTC,Y,N,NA,NA
B19_102,0,12,TTC,Y,N,NA,NA
B19_104,3,26,TTC,Y,N,NA,NA
B19_113,1,4,CCx(CCxTTC),N,Y,cyd/cyd,cyd/cyd
B19_118,7,17,CCx(CCxTTC),N,N,cyd/cyd,cyd/tri
B19_119,1,23,CCxTTC,Y,N,NA,NA
B19_122,3,0,CCxTTC,Y,N,NA,NA
B19_123,2,1,CCx(CCxTTC),Y,N,cyd/tri,cyd/cyd
B19_125,3,15,CCxTTC,Y,N,NA,NA
B19_128,4,3,CCx(CCxTTC),N,N,cyd/cyd,cyd/cyd
B19_129,1,2,CCxTTC,Y,N,NA,NA
B19_131,0,0,CCx(CCxTTC),N,N,NA,NA
B19_132,3,10,CCxTTC,Y,N,NA,NA
B19_134,3,13,CCx(CCxTTC),N,N,NA,NA
B19_142,5,0,CCx(CCxTTC),N,N,cyd/cyd,cyd/tri
B19_155,8,1,CCx(CCxTTC),N,N,cyd/cyd,NA
B19_157,0,3,CCx(CCxTTC),Y,N,cyd/tri,cyd/tri
B19_163,5,13,CCx(CCxTTC),N,N,cyd/cyd,cyd/tri
B19_169,8,14,CCxTTC,Y,N,NA,NA
B19_171,2,6,CCx(CCxTTC),N,N,cyd/cyd,cyd/cyd
B19_175,5,4,CCx(CCxTTC),Y,N,cyd/tri,cyd/cyd
B19_179,0,10,CCxTTC,Y,N,NA,NA
B19_182,0,0,CCxTTC,Y,N,NA,NA
B19_184,3,9,CCxTTC,Y,N,NA,NA
B19_187,1,12,CCx(CCxTTC),N,N,cyd/cyd,cyd/tri
B19_226,0,3,MBC,Y,N,NA,NA
B19_239,0,2,MBC,Y,N,NA,NA
B19_240,2,2,MBC,Y,N,NA,NA
B19_246,1,8,MBC,Y,N,NA,NA
B19_253,0,8,MBC,Y,N,NA,NA
B19_256,0,0,MBC,Y,N,NA,NA
B19_257,0,0,MBC,Y,N,NA,NA
B19_262,0,0,MBC,Y,N,NA,NA
B19_266,0,1,MBC,Y,N,NA,NA
B19_268,0,1,MBC,Y,N,NA,NA
B19_270,0,3,MBC,Y,N,NA,NA
B19_271,0,1,MBC,Y,N,NA,NA
B19_279,0,2,MBC,Y,N,NA,NA
B19_387,0,4,MBC,Y,N,NA,NA
B19_388,0,5,MBC,Y,N,NA,NA
B19_389,0,3,MBC,Y,N,NA,NA
B19_399,1,4,MBC,Y,N,NA,NA
B19_400,0,6,MBC,Y,N,NA,NA
B19_434,0,6,MBC,Y,N,NA,NA
B19_435,0,1,MBC,Y,N,NA,NA
B19_436,0,6,MBC,Y,N,NA,NA
B19_437,0,1,MBC,Y,N,NA,NA
B19_438,0,8,MBC,Y,N,NA,NA
B20_004,1,0,CCx(CCxTTC),N,N,NA,NA
B20_005,2,0,CCx(CCxTTC),N,N,cyd/cyd,cyd/cyd
B20_006,1,3,CCx(CCxTTC),Y,N,cyd/tri,cyd/cyd
B20_026,9,0,CCx(CCxTTC),N,N,cyd/cyd,cyd/cyd
B20_027,0,5,CCx(CCxTTC),Y,N,cyd/tri,cyd/cyd
B20_050,3,0,CCx(CCxTTC),N,N,cyd/cyd,cyd/tri
B20_077,0,0,CCx(CCxTTC),N,N,NA,NA
B20_078,2,0,CCx(CCxTTC),N,N,cyd/cyd,cyd/cyd
B20_084,3,1,CCx(CCxTTC),N,N,cyd/cyd,cyd/cyd
B20_093,1,2,CCx(CCxTTC),Y,N,NA,cyd/tri
B20_094,1,0,CCx(CCxTTC),N,N,cyd/cyd,cyd/tri
B20_108,6,0,CCx(CCxTTC),Y,N,cyd/tri,cyd/cyd
B20_120,0,4,CCx(CCxTTC),Y,N,NA,cyd/tri
B20_124,1,6,CCx(CCxTTC),Y,N,cyd/tri,cyd/tri
B20_125,0,4,CCx(CCxTTC),N,N,cyd/cyd,cyd/tri
B20_132,1,2,CCx(CCxTTC),Y,N,cyd/tri,cyd/cyd
B20_133,1,1,CCx(CCxTTC),N,N,cyd/cyd,cyd/cyd
B20_143,6,1,CCx(CCxTTC),N,N,cyd/cyd,cyd/tri
B20_148,7,2,CCx(CCxTTC),N,N,cyd/cyd,cyd/tri
B20_150,0,3,CCx(CCxTTC),Y,N,cyd/tri,cyd/cyd
B20_152,0,0,CCx(CCxTTC),N,N,NA,NA
B20_160,1,1,CCx(CCxTTC),N,N,cyd/cyd,cyd/cyd
B20_161,0,3,CCx(CCxTTC),Y,N,cyd/tri,cyd/cyd
B20_173,2,1,CCx(CCxTTC),Y,N,cyd/tri,cyd/cyd
B20_186,4,5,CCx(CCxTTC),Y,N,cyd/tri,cyd/cyd
B20_199,5,3,CCx(CCxTTC),N,N,cyd/cyd,cyd/tri
B20_203,2,0,CCx(CCxTTC),N,N,cyd/cyd,cyd/tri
B20_204,2,1,CCx(CCxTTC),Y,N,cyd/tri,cyd/cyd
B20_213,10,1,CCx(CCxTTC),N,N,NA,NA
B20_214,0,0,CCx(CCxTTC),N,N,NA,NA
B20_216,7,4,CCx(CCxTTC),N,N,cyd/cyd,cyd/tri
B20_226,1,2,CCx(CCxTTC),Y,N,cyd/tri,cyd/tri
B20_230,0,1,CCx(CCxTTC),Y,N,cyd/tri,cyd/cyd
B20_232,2,0,CCx(CCxTTC),N,N,NA,NA
B20_263,0,0,CCx(CCxTTC),Y,N,NA,NA
B20_284,4,1,CCx(CCxTTC),N,N,NA,NA
B20_285,4,0,CCx(CCxTTC),N,N,cyd/cyd,cyd/tri
B20_303,6,2,CCx(CCxTTC),N,N,cyd/cyd,cyd/cyd
B20_323,6,0,CCx(CCxTTC),N,N,cyd/cyd,cyd/tri
B20_324,1,2,CCx(CCxTTC),N,N,cyd/cyd,cyd/cyd
B20_332,3,8,CCx(CCxTTC),Y,N,cyd/tri,cyd/cyd
B20_340,3,2,CCx(CCxTTC),Y,N,cyd/tri,cyd/tri
B20_354,2,1,CCx(CCxTTC),Y,N,NA,NA
B20_355,0,0,CCx(CCxTTC),Y,N,NA,NA
B20_356,8,9,CCx(CCxTTC),Y,Y,NA,cyd/tri
B20_357,3,3,CCx(CCxTTC),N,N,NA,NA
B20_366,0,2,CCx(CCxTTC),Y,N,NA,NA
B20_391,0,2,CCx(CCxTTC),N,Y,NA,NA
B20_392,0,0,CCx(CCxTTC),Y,N,NA,NA
B20_440,1,3,CCx(CCxTTC),Y,N,cyd/tri,cyd/cyd
B20_441,0,2,CCx(CCxTTC),Y,N,NA,NA
B20_450,8,3,CCx(CCxTTC),Y,N,cyd/tri,cyd/cyd
B20_493,3,0,CCx(CCxTTC),N,N,cyd/cyd,cyd/cyd
B20_500,7,3,CCx(CCxTTC),Y,N,cyd/tri,cyd/tri
B20_519,0,0,CCx(CCxTTC),Y,N,NA,NA
B20_520,0,2,CCx(CCxTTC),Y,N,cyd/tri,cyd/tri
B20_533,1,0,CCx(CCxTTC),Y,N,NA,NA
B20_534,1,0,CCx(CCxTTC),N,N,cyd/cyd,cyd/cyd
B20_553,0,0,CCx(CCxTTC),Y,N,NA,NA
B20_573,0,4,CCx(CCxTTC),N,Y,cyd/cyd,cyd/tri
B20_574,6,4,CCx(CCxTTC),N,N,NA,NA
B20_578,2,0,CCx(CCxTTC),Y,N,cyd/tri,cyd/cyd
B20_594,1,4,CCx(CCxTTC),Y,N,cyd/tri,cyd/cyd
B20_595,3,5,CCx(CCxTTC),Y,N,cyd/tri,cyd/cyd
B20_610,5,0,CCx(CCxTTC),Y,N,cyd/tri,cyd/tri
B20_613,4,2,CCx(CCxTTC),Y,N,cyd/tri,cyd/tri
B20_635,1,5,CCx(CCxTTC),Y,N,cyd/tri,cyd/cyd
B20_637,0,3,CCx(CCxTTC),Y,N,cyd/tri,cyd/tri
B20_652,0,5,CCx(CCxTTC),N,N,cyd/cyd,cyd/cyd
B20_658,0,2,CCx(CCxTTC),Y,N,cyd/tri,cyd/cyd
B20_677,0,0,CCx(CCxTTC),N,N,NA,NA
B20_678,1,3,CCx(CCxTTC),Y,N,cyd/tri,cyd/cyd
B20_704,5,6,CCx(CCxTTC),Y,N,cyd/tri,cyd/tri
B20_706,0,0,CCx(CCxTTC),N,N,NA,NA
B20_707,0,3,CCx(CCxTTC),N,N,NA,NA
B20_715,1,2,CCx(CCxTTC),Y,N,cyd/tri,cyd/tri
B20_717,0,1,CCx(CCxTTC),Y,N,cyd/tri,cyd/tri
B20_719,3,2,CCx(CCxTTC),N,N,cyd/cyd,cyd/tri
B20_749,0,0,CCx(CCxTTC),N,N,NA,NA
B20_751,0,2,CCx(CCxTTC),Y,N,NA,NA
B20_753,7,2,CCx(CCxTTC),Y,N,cyd/tri,cyd/cyd
B20_767,0,0,CCx(CCxTTC),Y,N,NA,NA
B20_771,0,9,CCx(CCxTTC),N,N,cyd/cyd,cyd/tri
B20_784,1,1,CCx(CCxTTC),Y,N,NA,cyd/tri
B20_785,8,7,CCx(CCxTTC),N,N,cyd/cyd,cyd/cyd
B20_791,0,4,CCx(CCxTTC),Y,N,cyd/tri,cyd/cyd
B20_802,5,5,CCx(CCxTTC),N,N,cyd/cyd,cyd/cyd
B20_804,3,3,CCx(CCxTTC),Y,N,NA,cyd/tri
B20_821,10,11,CCx(CCxTTC),Y,N,cyd/tri,cyd/cyd
B20_830,6,6,CCx(CCxTTC),Y,Y,cyd/tri,cyd/tri
B20_874,4,6,CCx(CCxTTC),N,N,cyd/cyd,cyd/cyd
B20_876,6,0,CCx(CCxTTC),Y,N,cyd/tri,cyd/tri
B20_880,1,0,CCx(CCxTTC),N,N,cyd/cyd,cyd/cyd
B20_899,1,1,CCx(CCxTTC),Y,N,cyd/tri,cyd/tri
B20_908,11,2,CCx(CCxTTC),Y,Y,cyd/tri,cyd/cyd
B20_914,6,4,CCx(CCxTTC),Y,N,cyd/tri,cyd/cyd
B20_925,4,0,CCx(CCxTTC),N,N,cyd/cyd,cyd/tri
B20_926,0,0,CCx(CCxTTC),N,N,NA,NA
B20_949,0,2,CCx(CCxTTC),Y,Y,NA,NA
B20_950,4,3,CCx(CCxTTC),Y,N,cyd/tri,cyd/tri
B20_965,2,0,CCx(CCxTTC),Y,N,cyd/tri,cyd/cyd
C20_010,5,3,CCx(CCxTTC),N,N,cyd/cyd,cyd/cyd
C20_040,0,0,CCx(CCxTTC),Y,N,NA,NA
C20_041,4,0,CCx(CCxTTC),N,N,cyd/cyd,cyd/cyd
C20_113,1,14,CCx(CCxTTC),N,N,cyd/cyd,cyd/tri
C20_161,0,0,CCx(CCxTTC),N,N,NA,NA
C20_166,0,3,CCx(CCxTTC),Y,N,cyd/tri,cyd/tri
